[
{
    "model": "accounts.project",
    "pk": 1,
    "fields": {
        "name": "Website Admin",
        "description": "<p>Development and administration of the intranet codebase</p>",
        "short_name": "Website",
        "code": "280010",
        "photos": [],
        "files": [],
        "pages": []
    }
},
{
    "model": "accounts.researchgroup",
    "pk": "CM",
    "fields": {
        "name": "Condensed Matter Physics",
        "description": "<p>University of Leeds CM Physics Group</p>",
        "photos": [],
        "files": [],
        "pages": []
    }
},
{
    "model": "accounts.role",
    "pk": 1,
    "fields": {
        "name": "Manager",
        "description": "<p>Equipment Managers are in overall charge of a piece of&nbsp; equipment and control the userlist.</p>",
        "level": 1000,
        "photos": [],
        "files": [],
        "pages": []
    }
},
{
    "model": "accounts.role",
    "pk": 2,
    "fields": {
        "name": "User",
        "description": "<p>Regular users of the equipment. Users can use the equipment themselves but do not train others.</p>",
        "level": 100,
        "photos": [],
        "files": [],
        "pages": []
    }
},
{
    "model": "accounts.role",
    "pk": 3,
    "fields": {
        "name": "Advanced User",
        "description": "<p>An Advanced User is a user with more experience and is permitted to use the equipment remotely or out of hours.</p>",
        "level": 200,
        "photos": [],
        "files": [],
        "pages": []
    }
},
{
    "model": "accounts.role",
    "pk": 4,
    "fields": {
        "name": "Instructor",
        "description": "<p>An Instructor is a very experienced user who can train others to become users, following a protocol set by the manager.</p>",
        "level": 300,
        "photos": [],
        "files": [],
        "pages": []
    }
},
{
    "model": "accounts.role",
    "pk": 5,
    "fields": {
        "name": "Trainee",
        "description": "<p>A trainee is a user under instruction. They should not use the equipment unsupervised..</p>",
        "level": 0,
        "photos": [],
        "files": [],
        "pages": []
    }
},
{
    "model": "bookings.bookingpolicy",
    "pk": 1,
    "fields": {
        "name": "Advanced  User Booking",
        "description": "<p>Booking for Advanced Users and above.</p>",
        "for_role": 3,
        "booker_role": 3,
        "mondays": true,
        "tuesdays": true,
        "wednesdays": true,
        "thursdays": true,
        "fridays": true,
        "saturdays": true,
        "sundays": true,
        "start_time": "00:00:00",
        "end_time": "23:59:00",
        "quantisation": "01:00:00",
        "immutable": "08:00:00",
        "max_forward": "14 00:00:00",
        "quota": "7 00:00:00",
        "use_shifts": true
    }
},
{
    "model": "bookings.bookingpolicy",
    "pk": 2,
    "fields": {
        "name": "Trainee Booking",
        "description": "<p>Trainee bookings need to be made by an Instructor or higher user and are limited to regular lab hours.</p>",
        "for_role": 5,
        "booker_role": 4,
        "mondays": true,
        "tuesdays": true,
        "wednesdays": true,
        "thursdays": true,
        "fridays": true,
        "saturdays": false,
        "sundays": false,
        "start_time": "08:00:00",
        "end_time": "18:00:00",
        "quantisation": "01:00:00",
        "immutable": "12:00:00",
        "max_forward": "14 00:00:00",
        "quota": "3 00:00:00",
        "use_shifts": true
    }
},
{
    "model": "bookings.bookingpolicy",
    "pk": 3,
    "fields": {
        "name": "User Booking",
        "description": "<p>Bookings for regular uses.</p>",
        "for_role": 2,
        "booker_role": 2,
        "mondays": true,
        "tuesdays": true,
        "wednesdays": true,
        "thursdays": true,
        "fridays": true,
        "saturdays": false,
        "sundays": false,
        "start_time": "08:00:00",
        "end_time": "18:00:00",
        "quantisation": "01:00:00",
        "immutable": "12:00:00",
        "max_forward": "14 00:00:00",
        "quota": "5 00:00:00",
        "use_shifts": true
    }
},
{
    "model": "equipment.location",
    "pk": 1,
    "fields": {
        "name": "WH Bragg Building",
        "description": "<p>William Henry Bragg Building</p>",
        "location": null,
        "code": "1",
        "level": 0,
        "photos": [],
        "files": [],
        "pages": []
    }
},
{
    "model": "equipment.location",
    "pk": 2,
    "fields": {
        "name": "Electrical Engineering Building",
        "description": "<p>CM and Cryogencs labs in EEE Building</p>",
        "location": null,
        "code": "2",
        "level": 0,
        "photos": [],
        "files": [],
        "pages": []
    }
},
{
    "model": "equipment.location",
    "pk": 3,
    "fields": {
        "name": "Level 3",
        "description": "<p>Level 3 of the Bragg Building</p>",
        "location": 1,
        "code": "1,1",
        "level": 1,
        "photos": [],
        "files": [],
        "pages": []
    }
},
{
    "model": "equipment.location",
    "pk": 4,
    "fields": {
        "name": "Ground Floor",
        "description": "<p>Ground Floor int he Bragg Building</p>",
        "location": 1,
        "code": "1,2",
        "level": 1,
        "photos": [],
        "files": [],
        "pages": []
    }
},
{
    "model": "equipment.location",
    "pk": 5,
    "fields": {
        "name": "CM LT Measurement Lab",
        "description": "<p>B64 - the CM Low Temperature Measurement Lab</p>",
        "location": 2,
        "code": "2,1",
        "level": 1,
        "photos": [],
        "files": [],
        "pages": []
    }
},
{
    "model": "equipment.location",
    "pk": 6,
    "fields": {
        "name": "Cryogenics Plant",
        "description": "<p>The Cryogenics Plant</p>",
        "location": 2,
        "code": "2,2",
        "level": 1,
        "photos": [],
        "files": [],
        "pages": []
    }
},
{
    "model": "equipment.location",
    "pk": 7,
    "fields": {
        "name": "Furnace Room",
        "description": "<p>3.14 Lab</p>",
        "location": 3,
        "code": "1,1,1",
        "level": 2,
        "photos": [],
        "files": [],
        "pages": []
    }
},
{
    "model": "equipment.location",
    "pk": 8,
    "fields": {
        "name": "Level 3 Teaching Lab",
        "description": "<p>3.13 the level 3 teaching lab room</p>",
        "location": 3,
        "code": "1,1,2",
        "level": 2,
        "photos": [],
        "files": [],
        "pages": []
    }
},
{
    "model": "equipment.location",
    "pk": 9,
    "fields": {
        "name": "Laser Darkrooms",
        "description": "<p>3.07 Main lab</p>",
        "location": 3,
        "code": "1,1,3",
        "level": 2,
        "photos": [],
        "files": [],
        "pages": []
    }
},
{
    "model": "equipment.location",
    "pk": 10,
    "fields": {
        "name": "MOKE Hutch",
        "description": "<p>3.07a - MOKE Laser room</p>",
        "location": 9,
        "code": "1,1,3,1",
        "level": 3,
        "photos": [],
        "files": [],
        "pages": []
    }
},
{
    "model": "equipment.location",
    "pk": 11,
    "fields": {
        "name": "Spectroscopy Lab",
        "description": "<p>CM/SMP Joint Spectroscopy Lab 3.12</p>",
        "location": 3,
        "code": "1,1,4",
        "level": 2,
        "photos": [],
        "files": [],
        "pages": []
    }
},
{
    "model": "equipment.location",
    "pk": 12,
    "fields": {
        "name": "Thin Film Deposition Lab",
        "description": "<p>GR16 - the main thin film growth lab</p>",
        "location": 4,
        "code": "1,2,1",
        "level": 2,
        "photos": [],
        "files": [],
        "pages": []
    }
},
{
    "model": "equipment.location",
    "pk": 13,
    "fields": {
        "name": "X-Ray Lab",
        "description": "<p>Physics X-Ray Lab</p>",
        "location": 3,
        "code": "1,1,5",
        "level": 2,
        "photos": [],
        "files": [],
        "pages": []
    }
},
{
    "model": "equipment.shift",
    "pk": 1,
    "fields": {
        "name": "24 Hour shift",
        "description": "<p>A shift from 8am to 8am</p>",
        "start_time": "08:00:00",
        "end_time": "08:00:00"
    }
},
{
    "model": "equipment.shift",
    "pk": 2,
    "fields": {
        "name": "Morning shift",
        "description": "<p>8am to 1pm shift</p>",
        "start_time": "08:00:00",
        "end_time": "13:00:00"
    }
},
{
    "model": "equipment.shift",
    "pk": 3,
    "fields": {
        "name": "Afternoon Shift",
        "description": "<p>1pm to 6pm shift</p>",
        "start_time": "13:00:00",
        "end_time": "18:00:00"
    }
},
{
    "model": "equipment.shift",
    "pk": 4,
    "fields": {
        "name": "Overnight Shift",
        "description": "<p>From 6pm to 8am</p>",
        "start_time": "18:00:00",
        "end_time": "08:00:00"
    }
},
{
    "model": "sitetree.tree",
    "pk": 1,
    "fields": {
        "title": "Main Menu",
        "alias": "menu"
    }
},
{
    "model": "sitetree.tree",
    "pk": 3,
    "fields": {
        "title": "Footer Links",
        "alias": "footer"
    }
},
{
    "model": "sitetree.treeitem",
    "pk": 13,
    "fields": {
        "title": "Terms and conditions",
        "hint": "",
        "url": "/site/terms",
        "urlaspattern": false,
        "tree": 3,
        "hidden": false,
        "alias": null,
        "description": "",
        "inmenu": true,
        "inbreadcrumbs": true,
        "insitetree": true,
        "access_loggedin": false,
        "access_guest": false,
        "access_restricted": false,
        "access_perm_type": 1,
        "parent": null,
        "sort_order": 14,
        "access_permissions": []
    }
},
{
    "model": "sitetree.treeitem",
    "pk": 14,
    "fields": {
        "title": "Accessibility",
        "hint": "",
        "url": "/site/access",
        "urlaspattern": false,
        "tree": 3,
        "hidden": false,
        "alias": null,
        "description": "",
        "inmenu": true,
        "inbreadcrumbs": true,
        "insitetree": true,
        "access_loggedin": false,
        "access_guest": false,
        "access_restricted": false,
        "access_perm_type": 1,
        "parent": null,
        "sort_order": 15,
        "access_permissions": []
    }
},
{
    "model": "sitetree.treeitem",
    "pk": 15,
    "fields": {
        "title": "Privacy",
        "hint": "",
        "url": "/site/privacy",
        "urlaspattern": false,
        "tree": 3,
        "hidden": false,
        "alias": null,
        "description": "",
        "inmenu": true,
        "inbreadcrumbs": true,
        "insitetree": true,
        "access_loggedin": false,
        "access_guest": false,
        "access_restricted": false,
        "access_perm_type": 1,
        "parent": null,
        "sort_order": 16,
        "access_permissions": []
    }
},
{
    "model": "sitetree.treeitem",
    "pk": 16,
    "fields": {
        "title": "Freedom of information",
        "hint": "",
        "url": "/site/dataprot",
        "urlaspattern": false,
        "tree": 3,
        "hidden": false,
        "alias": null,
        "description": "",
        "inmenu": true,
        "inbreadcrumbs": true,
        "insitetree": true,
        "access_loggedin": false,
        "access_guest": false,
        "access_restricted": false,
        "access_perm_type": 1,
        "parent": null,
        "sort_order": 18,
        "access_permissions": []
    }
},
{
    "model": "sitetree.treeitem",
    "pk": 18,
    "fields": {
        "title": "Copyright",
        "hint": "",
        "url": "/site/copyright/",
        "urlaspattern": false,
        "tree": 3,
        "hidden": false,
        "alias": null,
        "description": "",
        "inmenu": true,
        "inbreadcrumbs": true,
        "insitetree": true,
        "access_loggedin": false,
        "access_guest": false,
        "access_restricted": false,
        "access_perm_type": 1,
        "parent": null,
        "sort_order": 13,
        "access_permissions": []
    }
},
{
    "model": "sitetree.treeitem",
    "pk": 19,
    "fields": {
        "title": "My Account",
        "hint": "User profile and other information",
        "url": "/accounts/me/",
        "urlaspattern": false,
        "tree": 1,
        "hidden": false,
        "alias": null,
        "description": "Access to information about the logged in user.",
        "inmenu": true,
        "inbreadcrumbs": true,
        "insitetree": true,
        "access_loggedin": true,
        "access_guest": false,
        "access_restricted": false,
        "access_perm_type": 1,
        "parent": null,
        "sort_order": 20,
        "access_permissions": []
    }
},
{
    "model": "sitetree.treeitem",
    "pk": 20,
    "fields": {
        "title": "Lists",
        "hint": "Lists of things",
        "url": "/equipment/lists/",
        "urlaspattern": false,
        "tree": 1,
        "hidden": false,
        "alias": null,
        "description": "Lists of things that LabMAN tracks.",
        "inmenu": true,
        "inbreadcrumbs": true,
        "insitetree": true,
        "access_loggedin": true,
        "access_guest": false,
        "access_restricted": false,
        "access_perm_type": 1,
        "parent": null,
        "sort_order": 21,
        "access_permissions": []
    }
},
{
    "model": "sitetree.treeitem",
    "pk": 21,
    "fields": {
        "title": "Schedules",
        "hint": "All equipment schedules",
        "url": "/booking/cal/all/",
        "urlaspattern": false,
        "tree": 1,
        "hidden": false,
        "alias": null,
        "description": "",
        "inmenu": true,
        "inbreadcrumbs": true,
        "insitetree": true,
        "access_loggedin": true,
        "access_guest": false,
        "access_restricted": false,
        "access_perm_type": 1,
        "parent": null,
        "sort_order": 22,
        "access_permissions": []
    }
},
{
    "model": "sitetree.treeitem",
    "pk": 22,
    "fields": {
        "title": "Admin",
        "hint": "",
        "url": "/admin/",
        "urlaspattern": false,
        "tree": 1,
        "hidden": false,
        "alias": null,
        "description": "",
        "inmenu": true,
        "inbreadcrumbs": true,
        "insitetree": true,
        "access_loggedin": false,
        "access_guest": false,
        "access_restricted": false,
        "access_perm_type": 1,
        "parent": null,
        "sort_order": 23,
        "access_permissions": [
            143
        ]
    }
},
{
    "model": "sitetree.treeitem",
    "pk": 23,
    "fields": {
        "title": "Login",
        "hint": "Login to the site to use it",
        "url": "/login/",
        "urlaspattern": false,
        "tree": 1,
        "hidden": false,
        "alias": null,
        "description": "",
        "inmenu": true,
        "inbreadcrumbs": true,
        "insitetree": true,
        "access_loggedin": false,
        "access_guest": true,
        "access_restricted": false,
        "access_perm_type": 1,
        "parent": null,
        "sort_order": 19,
        "access_permissions": []
    }
},
{
    "model": "sitetree.treeitem",
    "pk": 24,
    "fields": {
        "title": "Logout",
        "hint": "Logout of the site",
        "url": "/logout",
        "urlaspattern": false,
        "tree": 1,
        "hidden": false,
        "alias": null,
        "description": "",
        "inmenu": true,
        "inbreadcrumbs": true,
        "insitetree": true,
        "access_loggedin": true,
        "access_guest": false,
        "access_restricted": false,
        "access_perm_type": 1,
        "parent": null,
        "sort_order": 24,
        "access_permissions": []
    }
},
{
    "model": "sites.site",
    "pk": 1,
    "fields": {
        "domain": "example.com",
        "name": "example.com"
    }
},
{
    "model": "flatpages.flatpage",
    "pk": 1,
    "fields": {
        "url": "/site/terms/",
        "title": "Terms and Conditions",
        "content": "<div class=\"uol-article__head\">\r\n<div class=\"uol-article__no-profile-image\"><header class=\"page-heading\">\r\n<h1 class=\"page-heading__title\">Terms and conditions</h1>\r\n</header></div>\r\n</div>\r\n<div class=\"uol-article__content\">\r\n<div class=\"uol-rich-text uol-rich-text--with-lead\">\r\n<p><strong>University of Leeds Website Terms of Use, last updated 29 June 2023</strong></p>\r\n<h2>1. Introduction</h2>\r\n<h3>1.1</h3>\r\n<p>These terms and conditions of use (&lsquo;Terms&rsquo;) refer to your use of the official website of the&nbsp;<a href=\"https://www.leeds.ac.uk/\">University of Leeds</a>&nbsp;(&lsquo;University&rsquo;, &lsquo;our&rsquo;, &lsquo;we&rsquo;, &lsquo;us&rsquo;)&nbsp;and all other websites either within the leeds.ac.uk domain or owned and/or operated and/or contributed to by the University of Leeds regardless of the domain (&lsquo;website(s)&rsquo;) unless specifically excluded or modified by the terms and conditions on any specific website. By using, or contributing to, our websites you agree to these Terms. If you do not agree to be legally bound by these Terms please stop using our websites immediately.</p>\r\n<h3>1.2</h3>\r\n<p>Where these Terms may be linked from websites other than those owned and/or operated by the University within which the University may publish content they must be read in conjunction with any terms of use published by those websites.</p>\r\n<h3>1.3</h3>\r\n<p>The University reserves the right to change these Terms at any time and will highlight this fact by a change in the date at the top of these Terms. You should review these Terms on a regular basis to ensure that you are aware of any changes made as you will be legally bound by any amended Terms if you continue to use our websites after the changes.</p>\r\n<h2>2. Disclaimer and limitation of liability</h2>\r\n<h3>2.1</h3>\r\n<p>The University does try to ensure that all information on its websites is accurate. If you find inaccurate information please let us know by using the contact link at the bottom of the web page concerned.</p>\r\n<h3>2.2</h3>\r\n<p>The University gives no warranty or assurance about the content or reliability of its websites. As our websites are under constant development content may be out of date or incorrect and subject to change without notice. Websites are not guaranteed to be available, outages may occur. While the University endeavours to ensure that the content of its websites are accurate, we cannot accept liability for the accuracy of any content at any particular time.</p>\r\n<h3>2.3</h3>\r\n<p>The University endeavours to ensure that its computer infrastructure is error and virus free but does not warrant that any material available for downloading from its websites will be free of errors or malicious code.</p>\r\n<h3>2.4</h3>\r\n<p>Where our websites contain links to other sites or resources provided by third parties those links are provided for information only. The University has no control over the contents of those sites or resources and accepts no responsibility for them or for any loss or damage that may arise from your use of them. The University is not responsible for the privacy or security of any information you may send to such sites. You may be subject to applicable terms of use when you enter those sites.</p>\r\n<h3>2.5</h3>\r\n<p>In no event shall the University or any of its agents, employees and sub-contractors be liable to any party for any of the following losses or damages (whether such losses be foreseen, foreseeable, known or otherwise): loss of data, loss of revenue or anticipated profits, loss of business, loss of opportunity, loss of goodwill or injury to reputation, loss suffered by third parties, any direct, indirect, special, incidental, or consequential loss or damages arising out of use of its websites or reliance on any material or services provided by the websites or accessed through them, whether or not amended by third parties and regardless of form of action.</p>\r\n<h3>2.6</h3>\r\n<p>Where we make available third party content we are a distributor and not a publisher of that content. Any opinions, advice, services, statements, or other information made available by us in this way are of those third parties and not of us. Unless otherwise stated by us we do not endorse nor are we responsible for the accuracy or reliability of any opinion, advice or statement made on our websites.</p>\r\n<h3>2.7</h3>\r\n<p>Information on our websites is not intended to address your particular requirements. Such information does not constitute any form of advice or recommendation by us and is not intended to be relied upon by you in any way.</p>\r\n<h3>2.8</h3>\r\n<p>Nothing in these Terms is intended to exclude the University's liability for death or personal injury caused by the University's proven negligence or fraudulent misrepresentation.</p>\r\n<h2>3. Copyright and other intellectual property</h2>\r\n<h3>3.1</h3>\r\n<p>Our websites contain copyright material, trade names and marks and other proprietary information, including, but not limited to, text, software, photographs and graphics and other digital media (&lsquo;Content&rsquo;). The Content is protected by copyright law, trademark law, database rights and other intellectual property rights.</p>\r\n<h3>3.2</h3>\r\n<p>Except where otherwise expressly stated on our websites, the University, its licensors, or authorised contributors own the copyright, database rights and other intellectual property rights in the selection, coordination, arrangement and enhancement of such Content, as well as in the Content original to it. You may not modify, publish, transmit, participate in the transfer or sale of, create derivative works from, or in any other way exploit, any of the Content, in whole or in part except as provided in these Terms or any licence relating to that Content or where expressly permitted under copyright law.</p>\r\n<h3>3.3</h3>\r\n<p>In the event of any permitted copying, redistribution or publication of Content, no changes in or deletion of author attribution, trademark legend or copyright notice shall be made unless expressly permitted by the terms of the licence.</p>\r\n<h3>3.4</h3>\r\n<p>Where you download and use Content from our websites you acknowledge that you do not acquire any ownership rights by downloading that Content except where this is explicitly granted by the licence. Where we may lodge Content on websites other than our own you agree that your access to and use of any such Content is at your risk governed by these Terms and also those terms and conditions set out by the website which you are accessing.</p>\r\n<h3>3.5</h3>\r\n<p>Where Content has been provided for the purposes of learning you may use that Content for your own academic research, study, learning and teaching purposes only.</p>\r\n<h2>4. Contributing to our websites</h2>\r\n<h3>4.1</h3>\r\n<p>Where you are providing material (&lsquo;Contribution&rsquo;) as a member of staff or a student of the University or otherwise employed by or contracted to the University to provide such a Contribution the University will generally own this content in accordance with the&nbsp;<a href=\"http://www.leeds.ac.uk/secretariat/documents/ipr_policy.pdf\">University&rsquo;s Policy on Intellectual Property Rights&nbsp;(PDF)</a>. None of the Terms in this section below supersede any part of that Policy.</p>\r\n<h3>4.2</h3>\r\n<p>Where you are providing a Contribution in a role other than that covered in (4.1) you grant the University a perpetual, non-exclusive, world-wide, royalty-free licence to copy, reproduce, modify, publish, broadcast, transmit, display, perform, create derivative works from, translate, make available to the public, and exercise all copyright and publicity rights with respect to your Contribution in any media for the full term of any rights that may exist in your Contribution.</p>\r\n<h3>4.3</h3>\r\n<p>In any event where you submit any Contribution to our websites:</p>\r\n<p><strong>a.</strong>&nbsp;You warrant that your Contribution:</p>\r\n<p><strong>i.</strong>&nbsp;is your own original work or you have a licence from the copyright owner(s) of the work granting the University use of the work on the terms of the foregoing licence granted by you</p>\r\n<p><strong>ii.</strong>&nbsp;does not infringe or breach anyone else&rsquo;s rights, which includes your having obtained sufficient rights (by written permission/licence or consents as appropriate) for the University to exercise the foregoing licence granted by you</p>\r\n<p><strong>-</strong>&nbsp;from rights holders of third party copyright materials that you may have included in your Contribution in whole or in part, and</p>\r\n<p><strong>-</strong>&nbsp;from all identifiable persons in any audio or visual media that you may have included in your Contribution including parental/legal guardian consent for those under 18 and for those who are vulnerable adults.</p>\r\n<p><strong>iii.</strong>&nbsp;is not defamatory, libellous, obscene, menacing, threatening, offensive, abusive, fraudulent, criminal or in any way illegal;</p>\r\n<p><strong>iv.</strong>&nbsp;is accessible;</p>\r\n<p><strong>v.</strong>&nbsp;does not advertise or market anything in any way other than where it is the University&rsquo;s business to do so;</p>\r\n<p><strong>vi.</strong>&nbsp;does not link to material which you know to contravene (iii);</p>\r\n<p><strong>b.</strong>&nbsp;You agree at all times to follow any specific rules of posting which may appear on our websites.</p>\r\n<p><strong>c.</strong>&nbsp;Save where covered under the Policy on Intellectual Property Rights you agree to indemnify and keep us indemnified on demand against all legal fees, damages and other expenses that may be incurred by us as a result of your breach of the above warranty.</p>\r\n<p><strong>d.</strong>&nbsp;Save where covered under the Policy on Intellectual Property Rights you agree to waive any moral rights in your Contribution for the purposes of its submission to and publication on our websites and all of the purposes specified above to the fullest extent permitted by law.</p>\r\n<h3>4.4</h3>\r\n<p>We reserve the right to identify you to other third parties as the author of your contribution.</p>\r\n<h3>4.5</h3>\r\n<p>You must not misuse our websites by knowingly introducing viruses, trojans, worms, logic bombs or other malicious material or technology or by attacking our websites or their servers via denial-of-service attacks or other malicious activities. We reserve the right to report any such breach to the relevant law enforcement authorities and in such an event we will fully cooperate with such authorities by disclosing your identity to them. In the event of such a breach your right to use our websites will cease immediately.</p>\r\n<h2>5. Trademarks and design rights</h2>\r\n<h3>5.1</h3>\r\n<p>The names, designs, trademarks and logos used in and displayed on our websites are registered and unregistered trademarks and/or designs of the University of Leeds. You must not use these names, designs, trademarks or logos without prior permission. Please&nbsp;<a title=\"Email the trademarks inbox\" href=\"mailto:trademarks@leeds.ac.uk\">email any trademarks enquiries to trademarks@leeds.ac.uk</a>.</p>\r\n<h2>6. Junk mail statement</h2>\r\n<h3>6.1</h3>\r\n<p>No e-mail addresses or other identifying information may be taken from our websites and used for the purposes of sending unsolicited communications (eg junk mail).</p>\r\n<h2>7. Removal of Content</h2>\r\n<h3>7.1</h3>\r\n<p>We reserve the right to edit or remove any Contribution from our websites at any time and without notice and whether or not such a Contribution contravenes any of these Terms. However, we have no obligation to do so. Where a Contribution is removed we shall in no way be liable for any loss, liability, cost or expense suffered by you as a result.</p>\r\n<h3>7.2</h3>\r\n<p>Where we create links from our websites to any other website we shall have the right to remove these without notice. In the event that such a link is removed we shall in no way be liable for any loss, liability, cost or expense suffered by you as a result.</p>\r\n<h2>Notice and takedown procedure</h2>\r\n<h3>7.3</h3>\r\n<p>We wish to ensure that all content made available via our websites is lawful. If you believe that any of our websites hold material for which you are rights holder and where you have not granted permission or permission is not automatic by way of national or international law please contact us by &nbsp;<a title=\"Email the communications team\" href=\"mailto:%20webcomms@leeds.ac.uk\">emailing the Digital Communications team at webcomms@leeds.ac.uk</a>&nbsp;detailing your concerns.&nbsp;Please use the subject &lsquo;Notice and takedown request&rsquo; and include the following information:</p>\r\n<ul>\r\n<li>Your contact details</li>\r\n<li>The complete and exact URL(s) where you found the material</li>\r\n<li>Details of your objection</li>\r\n<li>Proof that you are the rights holder or authorised representative of the rights holder of the material in question.</li>\r\n</ul>\r\n<h3>7.4</h3>\r\n<p>We may disable access to the material in question while we assess your objection. If the material was supplied to us by a third party we may need to contact them as part of our enquiries. We reserve the right not to disclose the details of authors.</p>\r\n<h2>8. Privacy and data protection</h2>\r\n<h3>8.1</h3>\r\n<p>Your right to privacy is important to us. The ways in which your personal information may be used when you provide it to us is defined in the Privacy Notice associated with each of our websites which we own and/or operate that you may visit. Please review the relevant Privacy Notice which will be clearly marked on each of our websites in line with our&nbsp;<a href=\"https://comms.leeds.ac.uk/websites/policy-on-privacy-and-cookie-notices/\">Policy on Privacy and Cookie Notices</a>.</p>\r\n<h3>8.2</h3>\r\n<p>Should you find that any of our websites has no Privacy Notice or the Notice is invalid please email the URL of that website to the&nbsp;<a title=\"Email the University's Data Protection Officer\" href=\"mailto:dpo@leeds.ac.uk\">University's Data Protection Officer, Rebecca Messenger-Clark, at dpo@leeds.ac.uk</a>.</p>\r\n<h3>8.3</h3>\r\n<p>The University complies with the General Data Protection Regulation 2018 and Data Protection Act 1998. Please see our&nbsp;<a href=\"https://dataprotection.leeds.ac.uk/wp-content/uploads/sites/48/2019/05/Data-protection-CoP.pdf\">Code of Practice on Data Protection&nbsp;(PDF)</a>.</p>\r\n<h2>9. Usernames and passwords</h2>\r\n<h3>9.1</h3>\r\n<p>You are solely responsible in all respects for all use of and for protecting the confidentiality of any access codes, username and password (&lsquo;access credentials&rsquo;) that may be given to you or selected by you for use on our websites. You may not share these with or transfer them to any third party.</p>\r\n<h3>9.2</h3>\r\n<p>Where access credentials have been provided to you as a member of staff or a student of the University use of these is covered by the&nbsp;<a href=\"https://it.leeds.ac.uk/it?id=kb_category&amp;kb_category=7950ab68db7ffbc48b6583305b9619e0\">University&rsquo;s Information Security Policies</a>.</p>\r\n<h3>9.3</h3>\r\n<p>You must notify us immediately of any unauthorised use of your access credentials or any other breach of security regarding our websites that comes to your attention. Please&nbsp;<a title=\"Email the IT service desk\" href=\"mailto:itservicedesk@leeds.ac.uk\">email IT via itservicedesk@leeds.ac.uk</a>.</p>\r\n<h2>10. Linking to our websites</h2>\r\n<h3>10.1</h3>\r\n<p>You may link to our websites provided you do so in a way that is fair and legal and does not damage our reputation or take advantage of it, but you must not establish a link in such a way as to suggest any form of association, approval or endorsement on our part where none exists.</p>\r\n<h3>10.2</h3>\r\n<p>Our websites or any part thereof must not be framed on any other site without our permission.</p>\r\n<h3>10.3</h3>\r\n<p>We reserve the right to withdraw linking permission without notice.</p>\r\n<h3>10.4</h3>\r\n<p>Nothing in this agreement requires us to maintain the existence of, or the content within, any URL you may link to. The only permanent URL which we provide is&nbsp;<a href=\"https://www.leeds.ac.uk/\">www.leeds.ac.uk</a>.</p>\r\n<h2>11. General</h2>\r\n<h3>11.1</h3>\r\n<p>These Terms form the whole agreement between you and us. You acknowledge that you have not entered into this agreement in reliance upon any warranty or representation made by us or any other person and you waive any rights to damages or rescission you may have for misrepresentation (other than fraudulent misrepresentation) that is not contained in this agreement.</p>\r\n<h3>11.2</h3>\r\n<p>Nothing in these Terms is intended to nor shall it confer any benefit on a third party whether under the Contracts (Right of Third Parties) Act 1999 or otherwise. You may not assign or transfer your rights under these Terms of use without our prior written permission.</p>\r\n<h3>11.3</h3>\r\n<p>Our failure at any time to enforce any right we may have does not result in waiver of such right.</p>\r\n<h3>11.4</h3>\r\n<p>If any of these Terms of use should be determined to be illegal, invalid or otherwise unenforceable by reason of the laws of any country in which these terms of use are intended to be effective, then to the extent and within that jurisdiction in which that term of use is illegal, invalid or unenforceable, it shall be severed and deleted from these terms of use and the remaining terms of use shall survive and remain in full force and effect and continue to be binding and enforceable.</p>\r\n<h3>11.5</h3>\r\n<p>The University does accept service by &nbsp;<a title=\"Email the University's legal adviser\" href=\"mailto:a.slater@adm.leeds.ac.uk\">email to the University's legal adviser, a.slater@adm.leeds.ac.uk</a>. Formal legal notices should be sent by post to:</p>\r\n<p>Legal Adviser<br />Secretariat<br />University of Leeds<br />Leeds<br />LS2 9JT<br />UK</p>\r\n<h2>12. Governing law</h2>\r\n<h3>12.1</h3>\r\n<p>These Terms and all questions of construction, interpretation, validity and performance under these Terms of use including non-contractual disputes or claims shall be governed by English law and subject to the exclusive jurisdiction of the English courts.</p>\r\n<h2>13. Further information and contacts</h2>\r\n<h3>13.1</h3>\r\n<p>Further information on these Terms or your privacy can be obtained by contacting the Data Protection Officer, Rebecca Messenger-Clark:</p>\r\n<ul>\r\n<li><a title=\"Email the University's Data Protection Officer\" href=\"mailto:dpo@leeds.ac.uk\">Email the Data Protection Officer: dpo@leeds.ac.uk</a></li>\r\n<li>Address: The Data Protection Officer, Secretariat, University of Leeds, Leeds LS2 9JT, UK</li>\r\n</ul>\r\n<h3>13.2</h3>\r\n<p>The University's main contact details are:</p>\r\n<ul>\r\n<li><a title=\"Phone the university\" href=\"tel:+441132431751\">Phone the University of Leeds: +44 (0)113 243 1751</a></li>\r\n<li>Address: University of Leeds, Leeds, LS2 9JT, United Kingdom</li>\r\n</ul>\r\n<p>Company no. RC000658<br />VAT no. GB613451470</p>\r\n<p>There are&nbsp;<a href=\"https://www.leeds.ac.uk/about/doc/additional-terms-conditions-onsite-work\">additional terms and conditions</a>&nbsp;for on-site work.</p>\r\n</div>\r\n</div>",
        "enable_comments": false,
        "template_name": "",
        "registration_required": false,
        "sites": [
            1
        ]
    }
},
{
    "model": "flatpages.flatpage",
    "pk": 2,
    "fields": {
        "url": "/site/access/",
        "title": "Accessibility",
        "content": "<header class=\"page-heading\">\r\n<h1 class=\"page-heading__title\">Accessibility</h1>\r\n</header>\r\n<div id=\"post-8\" class=\"cms post-8 page type-page status-publish hentry\">\r\n<p>The University of Leeds endeavours to promote equality and diversity in their policies, practice and services.</p>\r\n<p>We are committed to making all web pages accessible to as wide a range of visitors as possible. As part of this, we are committed to making our pages as compliant as possible with the&nbsp;<a href=\"http://www.w3.org/WAI/\">Web Accessibility Initiative's guidelines</a>.</p>\r\n<p>If you experience any difficulty in accessing any of the pages, or if you have any suggestions as to how we might improve accessibility, please contact The University Communications Team&nbsp;<a href=\"mailto:webcomms@leeds.ac.uk\">webcomms@leeds.ac.uk</a>, or the University Webmaster,&nbsp;<a href=\"mailto:webmaster@leeds.ac.uk\">webmaster@leeds.ac.uk</a>.</p>\r\n</div>",
        "enable_comments": false,
        "template_name": "",
        "registration_required": false,
        "sites": [
            1
        ]
    }
},
{
    "model": "flatpages.flatpage",
    "pk": 3,
    "fields": {
        "url": "/site/privacy/",
        "title": "Privacy Statement",
        "content": "<header class=\"page-heading\"><header class=\"page-heading\">\r\n<h1 class=\"page-heading__title\">Privacy and Cookies</h1>\r\n</header>\r\n<div id=\"post-9\" class=\"cms post-9 page type-page status-publish hentry\">\r\n<p>Privacy notice for condensed-matter.leeds.ac.uk</p>\r\n<p>This privacy notice has been updated in line with the General Data Protection Regulation.</p>\r\n<h2>Purpose of this Notice</h2>\r\n<p>This Notice tells you how the University of Leeds (University) will collect and use your personal data when you access this website. The University is a &ldquo;controller&rdquo; of this personal data for the purposes of the data protection legislation.</p>\r\n<p>Note that additional information will be provided where you are requested to enter personal information and this will vary between our various websites</p>\r\n<p>It is important that you read this Notice together with any other privacy notice we provide on specific occasions when we are collecting or processing personal data about you so that you are fully aware of how and why we are using your data. This Notice supplements the other notices and is not intended to override them.</p>\r\n<h2>Changes to this Notice</h2>\r\n<p>We keep the information provided in this Notice under review. This Notice may be updated from time to time. If we make any substantial updates, we will draw these to your attention.</p>\r\n<p>We will not use your personal data in any manner that is incompatible with the purpose for which the data were collected originally, unless we have obtained your consent to that additional use.</p>\r\n<h2>Anything you are not clear about</h2>\r\n<p>If there is anything you are unclear about, please contact our Data Protection Officer, who shall be happy to answer any queries you may have concerning this Notice or the way in which we process your personal data.</p>\r\n<p>The Data Protection Officer's contact details are provided at the end of this Notice.</p>\r\n<h2>Purpose of processing your data</h2>\r\n<p>Where we request personal data from you on our website you will be informed at that time of the purpose for which the data will be processed and how it will be processed, its legal basis for processing as well as any transfers to third parties.</p>\r\n<h2>Purpose of processing - automated collection of personal information</h2>\r\n<p>When you access our web pages certain information your browser provides, including your IP address at the time, browser type, and potentially the address of the page you last visited, will be automatically recorded by the University. This data may be used to aid detection in the event of a security breach. The legal basis for this processing is necessity to pursue our legitimate interests to keep our website secure. The University retains this data in a form from which you may be identifiable for a period of up to two months.</p>\r\n<h2>Third-party access</h2>\r\n<p>Your personal data that you have provided will not routinely be sent to third parties (unless notified - see above).</p>\r\n<h2>Data retention</h2>\r\n<p>The University&rsquo;s policies on retaining data for prospective and current students, staff and job applicants are detailed in our data retention policy.</p>\r\n<p>In other cases, for example, if you subscribe to news or events, any retention of data will be made clear at the point of collection.</p>\r\n<h2>Cookies</h2>\r\n<p>Cookies are small text files that are placed on your device by websites that you visit.</p>\r\n<p>We use cookies for the following purposes:</p>\r\n<ul>\r\n<li>Performance tracking: Track how our website is used and help us make improvements</li>\r\n</ul>\r\n<h3>Performance and advertising cookies</h3>\r\n<p>These cookies help our website function</p>\r\n<div class=\"tablesaw-bar mode-stack\">&nbsp;</div>\r\n<table id=\"table-3045\" class=\"table table-striped table-cookies table-bordered tablesaw tablesaw-stack\" data-tablesaw-mode=\"stack\">\r\n<thead>\r\n<tr>\r\n<th scope=\"col\">COOKIE</th>\r\n<th scope=\"col\">DESCRIPTION</th>\r\n<th scope=\"col\">PURPOSE</th>\r\n<th scope=\"col\">INFORMATION</th>\r\n</tr>\r\n</thead>\r\n<tbody>\r\n<tr>\r\n<td>cookielaw</td>\r\n<td>CookieLaw checker</td>\r\n<td>Necessary to record whether you hjave agre3ed to cookies being stored.</td>\r\n<td>Read more about<a href=\"https://github.com/TyMaszWeb/django-cookie-law\"> Django-CookieLaw</a></td>\r\n</tr>\r\n<tr>\r\n<td>csrftoken</td>\r\n<td>Cross site forgery protection token</td>\r\n<td>This cookie is used to ensure that form data that you submit to this site has come from a form generated by this site.</td>\r\n<td>Read more about the <a href=\"https://docs.djangoproject.com/en/5.0/ref/csrf/\">Django Cross-site request forgery protection.</a></td>\r\n</tr>\r\n<tr>\r\n<td>sessionId</td>\r\n<td>Login session ID</td>\r\n<td>This cookie records that you are logged into the site.</td>\r\n<td>&nbsp;</td>\r\n</tr>\r\n</tbody>\r\n</table>\r\n<p>If you share content from our website through other websites, for example Facebook or Twitter, cookies or a form of tracking may be used by these services and you need to manage your privacy via your account (and not through our site).</p>\r\n<p>You can manage your privacy settings, including cookies, through your browser settings.</p>\r\n<p>Further information about cookies can be found on the&nbsp;<a href=\"https://ico.org.uk/\">Information Commissioner's Office website</a>.</p>\r\n<h2>Anything you are not clear about</h2>\r\n<p>It is important that the personal data the University holds about you is accurate and current. Please keep us informed if the personal data you have provided to us needs to be updated.</p>\r\n<h2>Your rights as a data subject</h2>\r\n<p>Under the GDPR, in certain circumstances, you have the right to:</p>\r\n<ul>\r\n<li>withdraw your consent to our processing of your personal data where that is the legal basis for such processing</li>\r\n<li>access any of your personal data which we hold</li>\r\n<li>have your personal data which we hold corrected if it is inaccurate</li>\r\n<li>have any of your personal data which we hold erased</li>\r\n<li>restrict the ways in which we process your personal data</li>\r\n<li>object to our processing of your personal data</li>\r\n<li>receive a copy of any of your personal data which we hold in a structured and commonly used machine-readable format</li>\r\n<li>in certain cases not be subject to a decision based solely on automated decision making</li>\r\n<li>lodge a complaint with a supervisory authority</li>\r\n</ul>\r\n<h2>Queries and complaints</h2>\r\n<p>If you have any queries or concerns relating to this privacy notice or the way your data is being processed through this website then please contact the University&rsquo;s Data Protection Officer, David Wardle on&nbsp;<a href=\"mailto:d.wardle@adm.leeds.ac.uk\">d.wardle@adm.leeds.ac.uk</a>&nbsp;or by post to University of Leeds, 11.72 EC Stoner Building, Leeds LS2 9JT, UK.</p>\r\n<p>The University&rsquo;s main telephone number is +44 (0) 113 2431751.</p>\r\n<p>The UK&rsquo;s regulator for the DPA and GDPR is the Information Commissioner&rsquo;s Office (ICO). The University is registered as a Data Controller with the ICO</p>\r\n<p>Should you be dissatisfied with our handling of your concerns you have the right to complain to a supervisory authority. In the case of the UK this is the Information Commissioner&rsquo;s Office and details can be found at&nbsp;<a href=\"https://ico.org.uk/\">https://ico.org.uk</a>.</p>\r\n</div>\r\n</header>",
        "enable_comments": false,
        "template_name": "",
        "registration_required": false,
        "sites": [
            1
        ]
    }
},
{
    "model": "flatpages.flatpage",
    "pk": 4,
    "fields": {
        "url": "/site/dataprot/",
        "title": "Freedom of information",
        "content": "<div class=\"uol-widget-container\">\r\n<div class=\"uol-widget uol-widget--content \">\r\n<div class=\"uol-widget__left-col\">\r\n<div class=\"uol-widget__head\">\r\n<h2 class=\"uol-widget__title\">Freedom of Information</h2>\r\n<div class=\"uol-widget__lead\">\r\n<p>Under the Freedom of Information Act 2000, you have the right to request information from the University of Leeds.</p>\r\n</div>\r\n</div>\r\n</div>\r\n<div class=\"uol-widget__content\">\r\n<div class=\"uol-rich-text\">\r\n<p>Find out what you need to do, what you can expect from us and any exemptions to that right of access.&nbsp;</p>\r\n</div>\r\n</div>\r\n</div>\r\n</div>\r\n<div class=\"uol-widget-container\">\r\n<div class=\"uol-widget uol-widget--content \">\r\n<div class=\"uol-widget__left-col\">\r\n<div class=\"uol-widget__head\">\r\n<h2 class=\"uol-widget__title\">Before submitting a request</h2>\r\n</div>\r\n</div>\r\n<div class=\"uol-widget__content\">\r\n<div class=\"uol-rich-text\">\r\n<p>A wide range of information about the University of Leeds is already published online, so you may not need to make a FOI request. You may find it helpful to look at:</p>\r\n<ul>\r\n<li><a href=\"https://www.leeds.ac.uk/term-dates\">Term Dates</a>&nbsp;- terms, semesters, examination dates and dates the University will be closed</li>\r\n<li><a href=\"https://www.leeds.ac.uk/secretariat/almanac.html\">Almanac</a>&nbsp;- key University dates for the academic session, updated during the year&nbsp;</li>\r\n<li><a href=\"https://equality.leeds.ac.uk/equality-data/\">Equality Policy Unit</a>&nbsp;- information regarding staff and student equality data</li>\r\n<li><a href=\"https://forstaff.leeds.ac.uk/info/125139/policies_and_key_documents/1853/policies_and_key_documents\">Key policies</a>&nbsp;and our&nbsp;<a href=\"https://forstaff.leeds.ac.uk/homepage/374/governance\">Governance structure</a></li>\r\n<li><a href=\"https://courses.leeds.ac.uk/\">Course Search</a>&nbsp;- information on our courses</li>\r\n<li><a href=\"https://www.hesa.ac.uk/data-and-analysis/staff\">Higher Education Statistics Agency (HESA)</a>&nbsp;- information about University Staff&nbsp;</li>\r\n<li><a href=\"https://www.leeds.ac.uk/about/doc/information-suppliers\">Information for Suppliers</a>&nbsp;- information on how to become a supplier for the University</li>\r\n<li><a href=\"https://dataprotection.leeds.ac.uk/individual-rights/#access-to-your-personal-data\">Data Protection Pages</a>&nbsp;- information which relates to you personally. This cannot be released under the&nbsp;<abbr title=\"Freedom of Information\">FOI</abbr>&nbsp;Act&nbsp;</li>\r\n<li><a href=\"http://students.leeds.ac.uk/info/10100/academic_life/875/student_services_centre_counter\">Student Services Centre</a>&nbsp;- for replacement certificates, authentication or verification of awards.</li>\r\n</ul>\r\n<p>We also publish information as part of our&nbsp;<a href=\"https://www.leeds.ac.uk/freedom-of-information/doc/model-publication-scheme\">publication scheme</a>, which includes some of information listed above, plus our annual report and accounts, expense data, research we fund and details of our staff and structure.&nbsp;</p>\r\n</div>\r\n</div>\r\n</div>\r\n</div>\r\n<div class=\"uol-widget-container\">\r\n<div class=\"uol-widget uol-widget--content \">\r\n<div class=\"uol-widget__left-col\">\r\n<div class=\"uol-widget__head\">\r\n<h2 class=\"uol-widget__title\">How to submit an FOI request</h2>\r\n</div>\r\n</div>\r\n<div class=\"uol-widget__content\">\r\n<div class=\"uol-rich-text\">\r\n<p>&nbsp;<a href=\"mailto:foi@leeds.ac.uk\">Email the Freedom of Information officer via foi@leeds.ac.uk</a>.</p>\r\n<p>Information published on the University website is free to access in that format. This is subject to any copyright restrictions as noted in our&nbsp;<a href=\"https://www.leeds.ac.uk/freedom-of-information/doc/model-publication-scheme#copyright-legal\">legal notices</a>.&nbsp;</p>\r\n</div>\r\n</div>\r\n</div>\r\n</div>\r\n<div>&nbsp;</div>",
        "enable_comments": false,
        "template_name": "",
        "registration_required": false,
        "sites": [
            1
        ]
    }
},
{
    "model": "flatpages.flatpage",
    "pk": 5,
    "fields": {
        "url": "/site/copyright/",
        "title": "Copyright",
        "content": "<header class=\"page-heading\">\r\n<h1 class=\"page-heading__title\">Copyright</h1>\r\n</header>\r\n<div id=\"post-10\" class=\"cms post-10 page type-page status-publish hentry\">\r\n<p>Except where otherwise stated, copyright of all materials resides with the University of Leeds.</p>\r\n<p>No material may be reproduced or altered to any degree without the University's written consent.</p>\r\n<p>The copyright of articles, blog posts and other material written by students or former students remains with the authors of the content.</p>\r\n</div>",
        "enable_comments": false,
        "template_name": "",
        "registration_required": false,
        "sites": [
            1
        ]
    }
}
]
